{
  "name": "Default listing",
  "description": "Default registry listing",
  "url": "specs",
  "offset": 100,
  "totalCount": 630,
  "apis": [
    {
      "name": "Sunlife SwaggerHub API Design template",
      "description": "XYZ !!",
      "summary": "Summary",
      "properties": [
        {
          "type": "X-Created",
          "value": "2023-10-xyz"
        }
      ]
    }, {
      "name": "Sunlife SwaggerHub API Design template - 2",
      "description": "Some thing !!",
      "summary": "Summary",
      "properties": [
        {
          "type": "X-Created",
          "value": "2022-10-xyz"
        }
      ]
    }
  ]
}